title,link,youtube_link
SuperBowl-Ads.com Top 5 Ads of 2020 (Super Bowl LIV),https://www.superbowl-ads.com/superbowl-ads-com-top-5-ads-of-2020-super-bowl-liv/,
2020 UNIVERSAL PICTURES – Minions: The Rise of Gru,https://www.superbowl-ads.com/2020-universal-pictures-minions-the-rise-of-gru/,https://www.youtube.com/embed/SAYJqf6Bjio?feature=oembed&autoplay=1&wmode=opaque&rel=0&showinfo=0&iv_load_policy=3&modestbranding=0
"2020 TIDE – Finally Later, #LaundryLater",https://www.superbowl-ads.com/2020-tide-finally-later-laundrylater/,
2020 P&G – When We Come Together,https://www.superbowl-ads.com/2020-pg-when-we-come-together/,
"2020 TIDE – Coming up Next, #LaundryLater",https://www.superbowl-ads.com/2020-tide-coming-up-next-laundrylater/,
2020 MARVEL STUDIOS – Disney+,https://www.superbowl-ads.com/2020-marvel-studios-disney/,https://www.youtube.com/embed/62EB4JniuTc?feature=oembed&autoplay=1&wmode=opaque&rel=0&showinfo=0&iv_load_policy=3&modestbranding=0
"2020 TIDE – Wonder Woman now, #LaundryLater",https://www.superbowl-ads.com/2020-tide-wonder-woman-now-laundrylater/,
2020 MGM – 007 No Time to Die,https://www.superbowl-ads.com/2020-mgm-007-no-time-to-die/,https://www.youtube.com/embed/7BgcG_l9J0A?feature=oembed&autoplay=1&wmode=opaque&rel=0&showinfo=0&iv_load_policy=3&modestbranding=0
2020 SABRA HUMMUS –  #HowImmus,https://www.superbowl-ads.com/2020-sabra-hummus-howimmus/,https://www.youtube.com/embed/jct5PVDDUtc?feature=oembed&autoplay=1&wmode=opaque&rel=0&showinfo=0&iv_load_policy=3&modestbranding=0
2020 PLANTERS – Tribute,https://www.superbowl-ads.com/2020-planters-tribute/,https://www.youtube.com/embed/MoVpgtAJHfU?feature=oembed&autoplay=1&wmode=opaque&rel=0&showinfo=0&iv_load_policy=3&modestbranding=0
"2020 TIDE – Bud Knight now, #LaundryLater",https://www.superbowl-ads.com/2020-tide-bud-knight-now-laundrylater/,
"2020 HARD ROCK HOTEL – The Hype Starring JLo, Arod, DJ Khaled, Pitbull and Steven Van Zandt",https://www.superbowl-ads.com/2020-hard-rock-hotel-starring-jlo-arod-dj-khaled-pitbull-and-steven-van-zandt/,https://www.youtube.com/embed/pHYiE4W4EO8?feature=oembed&autoplay=1&wmode=opaque&rel=0&showinfo=0&iv_load_policy=3&modestbranding=0
2020 HULU – Tom Brady’s Big Announcement,https://www.superbowl-ads.com/2020-hulu-tom-bradys-big-announcement/,
2020 NFL – Next 100,https://www.superbowl-ads.com/2020-nfl-next-100/,
2020 MARVEL STUDIOS – Black Widow,https://www.superbowl-ads.com/2020-marvel-studios-black-widow/,https://www.youtube.com/embed/lTL3OZkVMHQ?feature=oembed&autoplay=1&wmode=opaque&rel=0&showinfo=0&iv_load_policy=3&modestbranding=0
2020 PORCHE – The Heist,https://www.superbowl-ads.com/2020-porche-the-heist/,
2020 ROCKET MORTGAGE – Jason Momoa Comfortable,https://www.superbowl-ads.com/2020-rocket-mortgage-jason-momoa-comfortable/,
"2020 Tide – Super Bowl now, #LaundryLater",https://www.superbowl-ads.com/2020-tide-super-bowl-now-laundrylater/,
2020 UNIVERSAL PICTURES – F9,https://www.superbowl-ads.com/2020-universal-pictures-f9/,https://www.youtube.com/embed/pPZDV1eCI0c?feature=oembed&autoplay=1&wmode=opaque&rel=0&showinfo=0&iv_load_policy=3&modestbranding=0
2020 PARAMOUNT PICTURES – Top Gun: Maverick,https://www.superbowl-ads.com/2020-paramount-pictures-top-gun-maverick/,https://www.youtube.com/embed/NSmkA7hcNjs?feature=oembed&autoplay=1&wmode=opaque&rel=0&showinfo=0&iv_load_policy=3&modestbranding=0
2020 HUMMER EV – Quiet Revolution,https://www.superbowl-ads.com/2020-hummer-ev-quiet-revolution/,https://www.youtube.com/embed/EjVUaAT1Ftc?feature=oembed&autoplay=1&wmode=opaque&rel=0&showinfo=0&iv_load_policy=3&modestbranding=0
2020 TOYOTA – Go Places with Cobie Smulders,https://www.superbowl-ads.com/2020-toyota-go-places-with-cobie-smulders/,
2020 FACEBOOK GROUPS – Ready to Rock?,https://www.superbowl-ads.com/2020-facebook-groups-ready-to-rock-2/,
2020 JEEP – Groundhog Day with Bill Murray,https://www.superbowl-ads.com/2020-jeep-groundhog-day-with-bill-murray/,
2020 T-MOBILE – Anthony Anderson’s Mama Tests 5G Network,https://www.superbowl-ads.com/2020-t-mobile-anthony-andersons-mama-tests-5g-network/,https://www.youtube.com/embed/yHz3lJq1Vu0?feature=oembed&autoplay=1&wmode=opaque&rel=0&showinfo=0&iv_load_policy=3&modestbranding=0
2020 QUIBI – Bank Heist,https://www.superbowl-ads.com/2020-quibi-bank-heist/,
2020 COCA-COLA ENERGY – Show Up,https://www.superbowl-ads.com/2020-coca-cola-energy-show-up/,https://www.youtube.com/embed/-gAZRN3SCBw?feature=oembed&autoplay=1&wmode=opaque&rel=0&showinfo=0&iv_load_policy=3&modestbranding=0
2020 PARAMOUNT PICTURES – A Quiet Place Part II,https://www.superbowl-ads.com/2020-paramount-pictures-a-quiet-place-part-ii/,https://www.youtube.com/embed/mi5RoP1-8-I?feature=oembed&autoplay=1&wmode=opaque&rel=0&showinfo=0&iv_load_policy=3&modestbranding=0
2020 DISNEY – Mulan,https://www.superbowl-ads.com/2020-disney-mulan/,https://www.youtube.com/embed/8btMI_N8v8U?feature=oembed&autoplay=1&wmode=opaque&rel=0&showinfo=0&iv_load_policy=3&modestbranding=0
2020 AMAZON PRIME VIDEO –  Hunters,https://www.superbowl-ads.com/2020-amazon-prime-video-hunters/,https://www.youtube.com/embed/D1dnw4t23P8?feature=oembed&autoplay=1&wmode=opaque&rel=0&showinfo=0&iv_load_policy=3&modestbranding=0
2020 SECRET – The Secret Kicker,https://www.superbowl-ads.com/2020-secret-the-secret-kicker/,
2020 PEPSI – Zero Sugar. Done Right,https://www.superbowl-ads.com/2020-pepsi-zero-sugar-done-right/,
2020 POP TARTS – Fixed the Pretzel starring Jonathan Van Ness,https://www.superbowl-ads.com/2020-pop-tarts-fixed-the-pretzel-starring-jonathan-van-ness/,
2020 LAS VEGAS – Key of Vegas,https://www.superbowl-ads.com/2020-las-vegas-key-of-vegas/,
2020 TRUMP – Everything is Ok,https://www.superbowl-ads.com/2020-trump-everything-is-ok/,https://www.youtube.com/embed/m4sVnOsXlAA?feature=oembed&autoplay=1&wmode=opaque&rel=0&showinfo=0&iv_load_policy=3&modestbranding=0
2020 MIKE BLOOMBERG – George,https://www.superbowl-ads.com/2020-mike-bloomberg-george/,https://www.youtube.com/embed/9Yp0yN8UxVg?feature=oembed&autoplay=1&wmode=opaque&rel=0&showinfo=0&iv_load_policy=3&modestbranding=0
2020 OLAY – #MakeSpaceForWomen,https://www.superbowl-ads.com/2020-olay-makespaceforwomen/,
2020 SODASTREAM – Discovers Water On Mars,https://www.superbowl-ads.com/2020-sodastream-discovers-water-on-mars/,
2020 AMAZON – BeforeAlexa,https://www.superbowl-ads.com/2020-amazon-beforealexa/,
2020 DISCOVER -Yes We’re Accepted,https://www.superbowl-ads.com/2020-discover-yes-were-accepted/,
2020 DISCOVER – No We Don’t Charge Annual Fees,https://www.superbowl-ads.com/2020-discover-no-we-dont-charge-annual-fees/,
2020 DASHLANE – Password Paradise,https://www.superbowl-ads.com/2020-dashlane-password-paradise/,https://www.youtube.com/embed/B5lslSPfhkg?feature=oembed&autoplay=1&wmode=opaque&rel=0&showinfo=0&iv_load_policy=3&modestbranding=0
2020 BUD LIGHT SELTZER – Inside Post’s Brain,https://www.superbowl-ads.com/2020-bud-light-seltzer-inside-posts-brain/,
2020 DORITOS – The Cool Ranch with Lil Nas X and Sam Elliott,https://www.superbowl-ads.com/2020-doritos-the-cool-ranch-with-lil-nas-x-and-sam-elliott/,
2020 SNICKERS – Fix the World,https://www.superbowl-ads.com/2020-snickers-fix-the-world/,
2020 KIA – Tough Never Quits,https://www.superbowl-ads.com/2020-kia-tough-never-quits/,
2020 HEINZ – Find The Goodness,https://www.superbowl-ads.com/2020-heinz-find-the-goodness-2/,https://www.youtube.com/embed/cXw4sQJINgo?feature=oembed&autoplay=1&wmode=opaque&rel=0&showinfo=0&iv_load_policy=3&modestbranding=0
2020 TURBOTAX – All People Are Tax People,https://www.superbowl-ads.com/2020-turbotax-all-people-are-tax-people/,
2020 AUDI – Let It Go,https://www.superbowl-ads.com/2020-audi-let-it-go/,
2020 WALMART – Famous Visitors,https://www.superbowl-ads.com/2020-walmart-famous-visitors/,
2020 CHEETOS – Can’t Touch This,https://www.superbowl-ads.com/2020-cheetos-cant-touch-this/,https://www.youtube.com/embed/Cdpf1Dl5b_4?feature=oembed&autoplay=1&wmode=opaque&rel=0&showinfo=0&iv_load_policy=3&modestbranding=0
2020 NEW YORK LIFE – Love Takes Action,https://www.superbowl-ads.com/2020-new-york-life-love-takes-action/,
2020 MTN DEW ZERO SUGAR – As Good As The Original,https://www.superbowl-ads.com/2020-mtn-dew-zero-sugar-as-good-as-the-original/,https://www.youtube.com/embed/tHoYKy1GMgM?feature=oembed&autoplay=1&wmode=opaque&rel=0&showinfo=0&iv_load_policy=3&modestbranding=0
2020 GENESIS – Going Away Party with John Legend and Chrissy Teigen,https://www.superbowl-ads.com/2020-genesis-going-away-party-with-john-legend-and-chrissy-teigen/,
2020 REESE’S TAKE 5 – Rock,https://www.superbowl-ads.com/2020-reeses-take-5-rock/,
2020 GOOGLE – Loretta,https://www.superbowl-ads.com/2020-google-loretta/,
2020 LITTLE CAESARS – Best Thing Since Sliced Bread,https://www.superbowl-ads.com/2020-little-caesars-best-thing-since-sliced-bread/,
2020 MICHELOB ULTRA – Jimmy Works It Out,https://www.superbowl-ads.com/2020-michelob-ultra-jimmy-works-it-out/,https://www.youtube.com/embed/U7h6Vls-uO8?feature=oembed&autoplay=1&wmode=opaque&rel=0&showinfo=0&iv_load_policy=3&modestbranding=0
2020 MICROSOFT – Be The One with Katie Sowers,https://www.superbowl-ads.com/2020-microsoft-be-the-one-with-katie-sowers/,
2020 PRINGLES – Rick and Morty,https://www.superbowl-ads.com/2020-pringles-rick-and-morty/,
2020 SQUARESPACE – Winona in Winona,https://www.superbowl-ads.com/2020-squarespace-winona-in-winona/,
2020 MICHELOB ULTRA PURE GOLD – 6 for 6-Pack,https://www.superbowl-ads.com/2020-michelob-ultra-pure-gold-6-for-6-pack/,https://www.youtube.com/embed/ANarZ_113Xc?feature=oembed&autoplay=1&wmode=opaque&rel=0&showinfo=0&iv_load_policy=3&modestbranding=0
2020 WEATHERTECH – Lucky Dog,https://www.superbowl-ads.com/2020-weathertech-lucky-dog/,https://www.youtube.com/embed/gckObDeYpAA?feature=oembed&autoplay=1&wmode=opaque&rel=0&showinfo=0&iv_load_policy=3&modestbranding=0
2020 HYUNDAI – Smaht Pahk,https://www.superbowl-ads.com/2020-hyundai-smaht-pahk/,
2020 AVOCADOS FROM MEXICO – Shopping Network with Molly Ringwald,https://www.superbowl-ads.com/2020-avocados-from-mexico-shopping-network-with-molly-ringwald/,
2020 BUDWEISER – Typical American,https://www.superbowl-ads.com/2020-budweiser-typical-american/,
2020 PLANTERS – Road Trip,https://www.superbowl-ads.com/2020-planters-road-trip/,
